group_key,metric,horizon_bucket,location,station_id,forecast_source,forecast_model,month,n,bias,mean_error,std_error,mae,rmse,q05,q25,q50,q75,q95,min_error,max_error,tail_abs_1,tail_abs_2,tail_abs_3,calibration_quality,min_samples_required,bias_shrinkage_applied,bias_raw,bias_shrunk,std_error_raw,std_error_used,quality_warnings
metric=high_temperature|horizon_bucket=12_24h,high_temperature,12_24h,,,,,,42,0.4550000000000003,0.7800000000000005,0.06072729928169634,0.7800000000000005,0.7823042886243182,0.7199999999999989,0.7200000000000024,0.7800000000000011,0.8399999999999999,0.8399999999999999,0.7199999999999989,0.8399999999999999,0.0,0.0,0.0,LOW,30,True,0.7800000000000005,0.4550000000000003,0.06072729928169634,0.06072729928169634,['low_quality_calibration']
metric=high_temperature|horizon_bucket=24_48h,high_temperature,24_48h,,,,,,42,0.4200000000000001,0.7200000000000001,0.06072729928169685,0.7200000000000001,0.722495674727538,0.6600000000000001,0.6600000000000001,0.7199999999999989,0.7800000000000011,0.7800000000000011,0.6600000000000001,0.7800000000000011,0.0,0.0,0.0,LOW,30,True,0.7200000000000001,0.4200000000000001,0.06072729928169685,0.06072729928169685,['low_quality_calibration']
